﻿{"cameraMode":{"drawMode":0,"name":"Shaded","section":"Shading Mode"},"sceneLighting":true,"audioPlay":false,"sceneViewState":{"showFog":true,"showMaterialUpdate":false,"showSkybox":true,"showFlares":true,"showImageEffects":true,"showParticleSystems":true},"in2DMode":false,"pivot":{"x":-16.531906127929689,"y":-7.943342208862305,"z":-6.439866065979004},"rotation":{"x":0.119916170835495,"y":-0.8143917918205261,"z":0.1815250962972641,"w":0.5380035042762756},"size":27.221294403076173,"orthographic":false}