﻿{"cameraMode":{"drawMode":0,"name":"Shaded","section":"Shading Mode"},"sceneLighting":true,"audioPlay":false,"sceneViewState":{"showFog":true,"showMaterialUpdate":false,"showSkybox":true,"showFlares":true,"showImageEffects":true,"showParticleSystems":true},"in2DMode":false,"pivot":{"x":3.791715145111084,"y":46.436485290527347,"z":-21.853654861450197},"rotation":{"x":-0.13987965881824494,"y":0.07152115553617478,"z":-0.010130445472896099,"w":-0.9875328540802002},"size":47.64506912231445,"orthographic":false}